               epoch,      train/box_loss,      train/obj_loss,      train/cls_loss,   metrics/precision,      metrics/recall,     metrics/mAP_0.5,metrics/mAP_0.5:0.95,        val/box_loss,        val/obj_loss,        val/cls_loss,               x/lr0,               x/lr1,               x/lr2
                   1,            0.043843,            0.010577,           0.0016787,             0.84202,             0.70428,             0.80906,             0.46577,            0.036831,           0.0090712,           0.0010961,           0.0066386,           0.0066386,            0.040033
                   2,            0.042377,            0.010851,           0.0016776,             0.75198,             0.65481,             0.72199,             0.38501,            0.039791,            0.010551,           0.0018477,           0.0099279,           0.0099279,           0.0099891
                   3,            0.040277,             0.01052,           0.0013166,             0.77509,             0.74411,             0.80493,             0.48474,            0.034606,           0.0094296,           0.0010419,            0.009901,            0.009901,            0.009901
                   4,            0.037982,            0.010174,           0.0011871,             0.81914,             0.79486,               0.855,             0.52764,            0.032934,           0.0083565,          0.00061966,            0.009901,            0.009901,            0.009901
                   5,            0.037224,           0.0099578,           0.0010804,             0.86114,             0.80319,             0.88197,             0.55967,            0.031058,           0.0079129,          0.00050764,            0.009868,            0.009868,            0.009868
                   6,            0.036356,           0.0097718,           0.0010037,               0.851,             0.78649,              0.8692,             0.55819,            0.031485,           0.0080074,           0.0005695,            0.009835,            0.009835,            0.009835
                   7,            0.036003,           0.0096491,          0.00099549,             0.86569,              0.8153,             0.88402,             0.58205,            0.029962,           0.0076778,          0.00047892,            0.009802,            0.009802,            0.009802
